Category,Text
Billing,What is this charge on my bill?
Account,I can't log in to my account.
Billing,Can I update my credit card details?
Features,Where can I find the settings for notifications?
Features,Where can I find the settings for notifications?
Account,I need help activating my account.
Account,"My account was hacked, what should I do?"
Billing,What is this charge on my bill?
Account,How can I reset my password?
Billing,How do I access my billing history?
Account,"My account was hacked, what should I do?"
Billing,I need a refund for my last transaction.
Account,"My account was hacked, what should I do?"
Billing,How do I access my billing history?
Account,How can I reset my password?
Account,How can I reset my password?
Billing,How do I access my billing history?
Account,How do I update my email address?
Features,Where can I find the settings for notifications?
Account,I need help activating my account.
Features,I need help with the analytics tool.
Billing,How do I access my billing history?
Billing,I need a refund for my last transaction.
Billing,What is this charge on my bill?
Billing,Why was I charged twice this month?
Features,How do I use the new feature?
Billing,Can I update my credit card details?
Features,Can you explain how the dashboard works?
Features,How do I use the new feature?
Features,How do I use the new feature?
Billing,Can I update my credit card details?
Account,I need help activating my account.
Features,Can you explain how the dashboard works?
Billing,What is this charge on my bill?
Features,Where can I find the settings for notifications?
Billing,What is this charge on my bill?
Billing,Why was I charged twice this month?
Account,I can't log in to my account.
Account,How do I update my email address?
Account,"My account was hacked, what should I do?"
Features,Are there any upcoming features?
Features,Can you explain how the dashboard works?
Features,How do I use the new feature?
Features,Where can I find the settings for notifications?
Features,Are there any upcoming features?
Billing,Why was I charged twice this month?
Features,Can you explain how the dashboard works?
Features,Where can I find the settings for notifications?
Features,How do I use the new feature?
Account,How can I reset my password?
Billing,How do I access my billing history?
Billing,Why was I charged twice this month?
Billing,How do I access my billing history?
Features,I need help with the analytics tool.
Account,I need help activating my account.
Billing,I need a refund for my last transaction.
Account,I need help activating my account.
Account,I can't log in to my account.
Features,I need help with the analytics tool.
Features,Are there any upcoming features?
Billing,Why was I charged twice this month?
Account,How do I update my email address?
Billing,Can I update my credit card details?
Account,How do I update my email address?
Billing,Why was I charged twice this month?
Features,I need help with the analytics tool.
Features,Where can I find the settings for notifications?
Account,"My account was hacked, what should I do?"
Account,How can I reset my password?
Account,How can I reset my password?
Features,Are there any upcoming features?
Features,I need help with the analytics tool.
Account,I can't log in to my account.
Billing,I need a refund for my last transaction.
Features,Can you explain how the dashboard works?
Features,How do I use the new feature?
Billing,Can I update my credit card details?
Billing,How do I access my billing history?
Features,Where can I find the settings for notifications?
Account,I can't log in to my account.
Features,Can you explain how the dashboard works?
Billing,How do I access my billing history?
Features,How do I use the new feature?
Account,I need help activating my account.
Account,I can't log in to my account.
Features,How do I use the new feature?
Billing,Why was I charged twice this month?
Account,"My account was hacked, what should I do?"
Features,Where can I find the settings for notifications?
Billing,Why was I charged twice this month?
Features,Where can I find the settings for notifications?
Features,Where can I find the settings for notifications?
Billing,Why was I charged twice this month?
Billing,I need a refund for my last transaction.
Features,Where can I find the settings for notifications?
Account,"My account was hacked, what should I do?"
Billing,How do I access my billing history?
Billing,How do I access my billing history?
Billing,I need a refund for my last transaction.
Account,I need help activating my account.
